[1,["3cOUB0SOpNdL1Z0ZAtLpLU"],0,[["sp.SkeletonData",["_name","_atlasText","textureNames","_skeletonJson","textures"],-1,3]],[[0,0,1,2,3,4,5]],[[0,"bit88 logo","\nbit88 logo.png\nsize: 2048,512\nformat: RGBA8888\nfilter: Linear,Linear\nrepeat: none\n88\n  rotate: false\n  xy: 1783, 309\n  size: 259, 201\n  orig: 259, 201\n  offset: 0, 0\n  index: -1\nA\n  rotate: false\n  xy: 920, 106\n  size: 92, 82\n  orig: 92, 82\n  offset: 0, 0\n  index: -1\nAS\n  rotate: false\n  xy: 1541, 277\n  size: 240, 233\n  orig: 240, 233\n  offset: 0, 0\n  index: -1\nAS2\n  rotate: false\n  xy: 591, 2\n  size: 179, 186\n  orig: 179, 186\n  offset: 0, 0\n  index: -1\nAS3\n  rotate: false\n  xy: 1058, 267\n  size: 240, 243\n  orig: 240, 243\n  offset: 0, 0\n  index: -1\nAS4\n  rotate: false\n  xy: 1300, 267\n  size: 239, 243\n  orig: 239, 243\n  offset: 0, 0\n  index: -1\nAS5\n  rotate: false\n  xy: 1300, 267\n  size: 239, 243\n  orig: 239, 243\n  offset: 0, 0\n  index: -1\nAS6\n  rotate: false\n  xy: 1300, 267\n  size: 239, 243\n  orig: 239, 243\n  offset: 0, 0\n  index: -1\nCHAM\n  rotate: false\n  xy: 2, 4\n  size: 70, 75\n  orig: 70, 75\n  offset: 0, 0\n  index: -1\nCoin\n  rotate: false\n  xy: 772, 37\n  size: 146, 151\n  orig: 146, 151\n  offset: 0, 0\n  index: -1\nK\n  rotate: false\n  xy: 1058, 192\n  size: 81, 73\n  orig: 81, 73\n  offset: 0, 0\n  index: -1\nQ\n  rotate: false\n  xy: 920, 42\n  size: 72, 62\n  orig: 72, 62\n  offset: 0, 0\n  index: -1\nbg\n  rotate: false\n  xy: 2, 81\n  size: 587, 188\n  orig: 587, 188\n  offset: 0, 0\n  index: -1\nbit\n  rotate: false\n  xy: 634, 190\n  size: 422, 320\n  orig: 422, 320\n  offset: 0, 0\n  index: -1\nframe\n  rotate: false\n  xy: 2, 271\n  size: 630, 239\n  orig: 630, 239\n  offset: 0, 0\n  index: -1\nj\n  rotate: false\n  xy: 1141, 211\n  size: 71, 54\n  orig: 71, 54\n  offset: 0, 0\n  index: -1\n",["bit88 logo.png"],{"skeleton":{"hash":"LEpDsnRgY2X76LLtnTdIu2j9t8g","spine":"3.7.94","width":673,"height":321,"images":"./images/","audio":"C:/Users/THIEN/Desktop/GameBai/Typobit88"},"bones":[{"name":"root"},{"name":"All","parent":"root","x":0.6,"y":25.28},{"name":"frame","parent":"All","x":-0.31,"y":90.88},{"name":"bit","parent":"All","x":-92.65,"y":106.61},{"name":"88","parent":"All","x":183,"y":104.56},{"name":"All2","parent":"All","x":232.25,"y":158.59},{"name":"A","parent":"All2","length":22.74,"rotation":46.22,"x":27.36,"y":9.58},{"name":"K","parent":"All2","length":23.62,"rotation":79.99,"x":4.1,"y":12.31},{"name":"Q","parent":"All2","length":23.98,"rotation":86.73,"x":-9.58,"y":10.26},{"name":"j","parent":"All2","length":24.06,"rotation":104.83,"x":-19.15,"y":8.89},{"name":"Coin","parent":"All","x":-275.96,"y":80.73},{"name":"AS2","parent":"88","length":19.94,"rotation":95.91,"x":86.18,"y":-58.82},{"name":"AS","parent":"88","length":16.42,"rotation":90,"x":-11.63,"y":49.93},{"name":"AS3","parent":"bit","length":17.1,"rotation":90,"x":177.84,"y":83.45},{"name":"AS6","parent":"bit","length":23.94,"rotation":90,"x":-152.53,"y":-9.58},{"name":"AS4","parent":"bit","length":24.71,"rotation":94.76,"x":37.62,"y":-85.5},{"name":"CHAM","parent":"bit","length":14.36,"rotation":90,"x":13.68,"y":134.75},{"name":"AS5","parent":"CHAM","length":22.67,"rotation":-5.19,"x":28.73,"y":-2.05}],"slots":[{"name":"bg","bone":"frame","attachment":"bg"},{"name":"frame","bone":"frame","attachment":"frame"},{"name":"CHAM","bone":"CHAM","attachment":"CHAM"},{"name":"Coin","bone":"Coin","attachment":"Coin"},{"name":"j","bone":"j","attachment":"j"},{"name":"Q","bone":"Q","attachment":"Q"},{"name":"K","bone":"K","attachment":"K"},{"name":"A","bone":"A","attachment":"A"},{"name":"88","bone":"88","attachment":"88"},{"name":"bit","bone":"bit","attachment":"bit"},{"name":"AS","bone":"AS","blend":"additive"},{"name":"AS2","bone":"AS2","blend":"additive"},{"name":"AS3","bone":"AS3","blend":"additive"},{"name":"AS4","bone":"AS4","blend":"additive"},{"name":"AS5","bone":"AS5","blend":"additive"},{"name":"AS6","bone":"AS6","blend":"additive"}],"skins":{"default":{"88":{"88":{"x":4.22,"y":-3.9,"width":259,"height":201}},"A":{"A":{"x":26.27,"y":1.48,"rotation":-46.22,"width":92,"height":82}},"AS":{"AS":{"x":3.16,"y":-2.34,"rotation":-90,"width":240,"height":233}},"AS2":{"AS2":{"x":1.2,"y":-2.17,"rotation":-95.91,"width":179,"height":186}},"AS3":{"AS3":{"x":1.6,"y":-4.53,"rotation":-90,"width":240,"height":243}},"AS4":{"AS4":{"x":1.1,"y":-5.36,"rotation":-94.76,"width":239,"height":243}},"AS5":{"AS5":{"x":3.02,"y":-4.88,"rotation":-84.81,"width":239,"height":243}},"AS6":{"AS6":{"x":3.62,"y":-4.4,"rotation":-90,"width":239,"height":243}},"CHAM":{"CHAM":{"x":-3.7,"y":-0.69,"rotation":-90,"width":70,"height":75}},"Coin":{"Coin":{"x":-1.32,"y":27.44,"width":146,"height":151}},"K":{"K":{"x":30.55,"y":-7.67,"rotation":-79.99,"width":81,"height":73}},"Q":{"Q":{"x":25.26,"y":1.4,"rotation":-86.73,"width":72,"height":62}},"bg":{"bg":{"x":8.53,"y":15.28,"width":587,"height":188}},"bit":{"bit":{"x":16.37,"y":7.54,"width":422,"height":320}},"frame":{"frame":{"x":8.03,"y":9.78,"width":630,"height":239}},"j":{"j":{"x":24.04,"y":10.06,"rotation":-104.83,"width":71,"height":54}}}},"animations":{"animation":{"slots":{"A":{"color":[{"time":0,"color":"ffffff00","curve":"stepped"},{"time":1.5333,"color":"ffffff00"},{"time":1.7667,"color":"ffffffff"}]},"AS":{"color":[{"time":1.3333,"color":"ffffff00"},{"time":1.8,"color":"ffffffff"}],"attachment":[{"time":1.3333,"name":"AS"}]},"AS2":{"color":[{"time":1.4667,"color":"ffffff00"},{"time":1.9333,"color":"ffffffff"}],"attachment":[{"time":1.4667,"name":"AS2"}]},"AS3":{"color":[{"time":1.4667,"color":"ffffff00"},{"time":1.9333,"color":"ffffffff"}],"attachment":[{"time":1.4667,"name":"AS3"}]},"AS4":{"color":[{"time":1.3333,"color":"ffffff00"},{"time":1.8,"color":"ffffffff"}],"attachment":[{"time":1.3333,"name":"AS4"}]},"AS5":{"color":[{"time":1.3333,"color":"ffffff00"},{"time":1.8,"color":"ffffffff"}],"attachment":[{"time":1.3333,"name":"AS5"}]},"AS6":{"color":[{"time":1.4667,"color":"ffffff00"},{"time":1.9333,"color":"ffffffff"}],"attachment":[{"time":1.4667,"name":"AS6"}]},"K":{"color":[{"time":0,"color":"ffffff00","curve":"stepped"},{"time":1.4667,"color":"ffffff00"},{"time":1.7,"color":"ffffffff"}]},"Q":{"color":[{"time":0,"color":"ffffff00","curve":"stepped"},{"time":1.4,"color":"ffffff00"},{"time":1.6333,"color":"ffffffff"}]},"j":{"color":[{"time":0,"color":"ffffff00","curve":"stepped"},{"time":1.3333,"color":"ffffff00"},{"time":1.5667,"color":"ffffffff"}]}},"bones":{"88":{"scale":[{"time":0.3333,"x":1,"y":1},{"time":0.5,"x":1.1,"y":1.1},{"time":0.6667,"x":0.9,"y":0.9},{"time":0.8333,"x":1.05,"y":1.05},{"time":1,"x":0.95,"y":0.95},{"time":1.3333,"x":1,"y":1}]},"All":{"translate":[{"time":0,"x":0,"y":0},{"time":0.6667,"x":0,"y":13},{"time":2,"x":0,"y":0},{"time":2.6667,"x":0,"y":13},{"time":4,"x":0,"y":0}]},"bit":{"translate":[{"time":3.6,"x":0,"y":0},{"time":3.7333,"x":0,"y":-5.02},{"time":3.8667,"x":0,"y":0}],"scale":[{"time":0,"x":1,"y":1},{"time":0.3333,"x":1.1,"y":1.1},{"time":0.5,"x":0.9,"y":0.9},{"time":0.6667,"x":1.05,"y":1.05},{"time":0.8333,"x":0.95,"y":0.95},{"time":1.1667,"x":1,"y":1}]},"CHAM":{"translate":[{"time":0,"x":0,"y":-89.42,"curve":"stepped"},{"time":0.5,"x":0,"y":-89.42},{"time":0.5667,"x":0,"y":-7.48},{"time":0.7,"x":0,"y":37.76},{"time":0.9,"x":0,"y":-10.09},{"time":1.1667,"x":0,"y":20.57},{"time":1.4333,"x":0,"y":0,"curve":"stepped"},{"time":3.1333,"x":0,"y":0},{"time":3.4667,"x":0,"y":26.74},{"time":3.8,"x":0,"y":-115}],"scale":[{"time":0.5,"x":1,"y":1},{"time":0.5667,"x":1.198,"y":0.918},{"time":0.7,"x":1.189,"y":0.922},{"time":0.9,"x":0.93,"y":1.25},{"time":1.1667,"x":1.288,"y":0.94},{"time":1.4333,"x":1,"y":1,"curve":"stepped"},{"time":3.1333,"x":1,"y":1},{"time":3.4667,"x":1.411,"y":1.2},{"time":3.6333,"x":0.7,"y":0.319}]},"A":{"rotate":[{"time":2.1667,"angle":0},{"time":2.7,"angle":-10.77},{"time":3.2667,"angle":0}],"translate":[{"time":0,"x":-64.56,"y":-67.36,"curve":"stepped"},{"time":1.5333,"x":-64.56,"y":-67.36},{"time":1.7667,"x":-2.21,"y":-2.31,"curve":"stepped"},{"time":3.3333,"x":-2.21,"y":-2.31},{"time":3.7667,"x":-55.42,"y":-57.83}]},"K":{"rotate":[{"time":2.0333,"angle":0},{"time":2.5667,"angle":-10.77},{"time":3.1333,"angle":0}],"translate":[{"time":0,"x":-14.77,"y":-83.67,"curve":"stepped"},{"time":1.4667,"x":-14.77,"y":-83.67},{"time":1.7,"x":-0.37,"y":-2.09,"curve":"stepped"},{"time":3.2,"x":-0.37,"y":-2.09},{"time":3.6333,"x":-12.69,"y":-71.91}]},"Q":{"rotate":[{"time":1.9,"angle":0},{"time":2.4333,"angle":-10.77},{"time":3,"angle":0}],"translate":[{"time":0,"x":-3.88,"y":-67.87,"curve":"stepped"},{"time":1.4,"x":-3.88,"y":-67.87},{"time":1.6333,"x":0.08,"y":1.37,"curve":"stepped"},{"time":3.0667,"x":0.08,"y":1.37},{"time":3.5,"x":-4.5,"y":-78.77}]},"j":{"rotate":[{"time":1.7667,"angle":0},{"time":2.3,"angle":-10.77},{"time":2.8667,"angle":0}],"translate":[{"time":0,"x":18.96,"y":-71.61,"curve":"stepped"},{"time":1.3333,"x":18.96,"y":-71.61},{"time":1.5667,"x":0.12,"y":-0.46,"curve":"stepped"},{"time":2.9333,"x":0.12,"y":-0.46},{"time":3.3667,"x":15.78,"y":-59.61}]},"Coin":{"rotate":[{"time":0,"angle":0},{"time":0.5,"angle":12.62},{"time":1,"angle":0},{"time":1.5,"angle":12.62},{"time":2,"angle":0},{"time":2.5,"angle":12.62},{"time":3,"angle":0},{"time":3.5,"angle":12.62},{"time":4,"angle":0}]},"AS3":{"scale":[{"time":1.4667,"x":0.3,"y":0.3},{"time":1.9333,"x":1,"y":1},{"time":2.4,"x":0.01,"y":0.01}]},"AS4":{"scale":[{"time":1.3333,"x":0.3,"y":0.3},{"time":1.8,"x":1,"y":1},{"time":2.2667,"x":0.01,"y":0.01}]},"AS":{"scale":[{"time":1.3333,"x":0.3,"y":0.3},{"time":1.8,"x":1,"y":1},{"time":2.2667,"x":0.01,"y":0.01}]},"AS2":{"scale":[{"time":1.4667,"x":0.3,"y":0.3},{"time":1.9333,"x":1,"y":1},{"time":2.4,"x":0.01,"y":0.01}]},"AS6":{"scale":[{"time":1.4667,"x":0.3,"y":0.3},{"time":1.9333,"x":1,"y":1},{"time":2.4,"x":0.01,"y":0.01}]},"AS5":{"scale":[{"time":1.3333,"x":0.3,"y":0.3},{"time":1.8,"x":1,"y":1},{"time":2.2667,"x":0.01,"y":0.01}]}},"drawOrder":[{"time":0,"offsets":[{"slot":"88","offset":1}]},{"time":0.0333},{"time":0.8333,"offsets":[{"slot":"88","offset":1}]}]}}},[0]]],0,0,[0],[-1],[0]]